00066.jpg;ff43c9863d017f7d34cc63b3e9d09dcd2e8f9feebb45a004b2bab68ef68ad3d4;imrecompjpg;jpeg recompression successful;0:00:00.037509;00066.jpg.imrecompjpg.1685305431.5647657.jpg;94f60d0d5c24676a4791d17b13cee6944539b01b6aa80497f92bc6c0744ccf2a;None;None;None;convert -interlace Plane -quality 75% 00066.jpg 00066.jpg.imrecompjpg.1685305431.5647657.jpg;None
00011.jpg;887f36725484e1bfcc32264a262865ea37f89fbf76b81c12280ee06b54b45aad;imrecompjpg;jpeg recompression successful;0:00:00.009075;00011.jpg.imrecompjpg.1685305431.5647657.jpg;344e4692b04e075f4e2796770e2dbd17376c32579df0742d9b1dc2bb57ad71a2;None;None;None;convert -interlace Plane -quality 75% 00011.jpg 00011.jpg.imrecompjpg.1685305431.5647657.jpg;None
00045.jpg;2c38f77f1b3f0dfc71f3166e191d555562332561187bc92bcf0709df3fb0fb03;imrecompjpg;jpeg recompression successful;0:00:00.010707;00045.jpg.imrecompjpg.1685305431.5647657.jpg;47b3cbc4fa5386ac3965dd4aa633423e3e4ff12daddcee864c50cb1d68c73001;None;None;None;convert -interlace Plane -quality 75% 00045.jpg 00045.jpg.imrecompjpg.1685305431.5647657.jpg;None
00087.jpg;26a07d52d3bb072961f89eeabe179babf3c9b9439a06486c22f5092d60035010;imrecompjpg;jpeg recompression successful;0:00:00.013391;00087.jpg.imrecompjpg.1685305431.5647657.jpg;b46274217c0959cd861abf1f9ac5771cfdda9e5dafb96287a2f374341730319a;None;None;None;convert -interlace Plane -quality 75% 00087.jpg 00087.jpg.imrecompjpg.1685305431.5647657.jpg;None
00022.jpg;662246884b28c40a4c2e7e770256443407e7a195a7a2740a9ad750e2615aaedc;imrecompjpg;jpeg recompression successful;0:00:00.010491;00022.jpg.imrecompjpg.1685305431.5647657.jpg;7edfa0b93302d9aaf5f834c36c4d9ebcd4a521b3dcfb6c41dee443d65c3fa7cf;None;None;None;convert -interlace Plane -quality 75% 00022.jpg 00022.jpg.imrecompjpg.1685305431.5647657.jpg;None
00102.jpg;1d63d4ca77c8c9165f78367a08b8c37b4b061a76c9baaaaa47e5887560ca0744;imrecompjpg;jpeg recompression successful;0:00:00.009847;00102.jpg.imrecompjpg.1685305431.5647657.jpg;56b179de3e06c5d131e8362ff3cb44b4e9d58540713766df65150a15198f722b;None;None;None;convert -interlace Plane -quality 75% 00102.jpg 00102.jpg.imrecompjpg.1685305431.5647657.jpg;None
00075.jpg;e05a62e97474f8ad62b6e33041a2569c9b7be57ba2e961a7b9b517ff36bdae9c;imrecompjpg;jpeg recompression successful;0:00:00.008701;00075.jpg.imrecompjpg.1685305431.5647657.jpg;cbac46d258c8f43c17f132f305d4f1d8bc3c12704762a7d49ce476a86b04e972;None;None;None;convert -interlace Plane -quality 75% 00075.jpg 00075.jpg.imrecompjpg.1685305431.5647657.jpg;None
00047.jpg;f28173364af2f59e30151827990854255404e4b0a3b1d31197e4759b15341ce0;imrecompjpg;jpeg recompression successful;0:00:00.009462;00047.jpg.imrecompjpg.1685305431.5647657.jpg;6ed540f5ce8291d2665fbfecf77556d389d133b5ebbe54c89eb59c92733b2eb6;None;None;None;convert -interlace Plane -quality 75% 00047.jpg 00047.jpg.imrecompjpg.1685305431.5647657.jpg;None
00074.jpg;7cae537063dadff6bd276bdbea66c95a08124adec8881fbf54c3fa104b7d61c5;imrecompjpg;jpeg recompression successful;0:00:00.009992;00074.jpg.imrecompjpg.1685305431.5647657.jpg;81e3fe60b24c891cda602d9b03cfd48dde826dc685f603a84d331edd7947bcd9;None;None;None;convert -interlace Plane -quality 75% 00074.jpg 00074.jpg.imrecompjpg.1685305431.5647657.jpg;None
00009.jpg;dc5708b39146aa009eda517bc66e92443979a3a26ee8136e1af842e17f8659bb;imrecompjpg;jpeg recompression successful;0:00:00.008630;00009.jpg.imrecompjpg.1685305431.5647657.jpg;47d0b7e829cf7fe02db899416ed13dbbb557c69509d80d16369cb42969e825fa;None;None;None;convert -interlace Plane -quality 75% 00009.jpg 00009.jpg.imrecompjpg.1685305431.5647657.jpg;None
00026.jpg;efc6c97d2fbadcc939b87c80012790def40daf7788425326cde40dd9e4c89cca;imrecompjpg;jpeg recompression successful;0:00:00.009559;00026.jpg.imrecompjpg.1685305431.5647657.jpg;24e05bd044485840017b6dfc6bcd4d8e804f6160e1a557d2724209b65d7e2fb6;None;None;None;convert -interlace Plane -quality 75% 00026.jpg 00026.jpg.imrecompjpg.1685305431.5647657.jpg;None
00057.jpg;5133bc7f5576dc8507e3900c17418f3cd3d3cfc6eb67f1479fbc6bb19349d460;imrecompjpg;jpeg recompression successful;0:00:00.011256;00057.jpg.imrecompjpg.1685305431.5647657.jpg;ad049e953e745a90e6c39379c198e006bd09d7b458457506cff60c842c1d85dd;None;None;None;convert -interlace Plane -quality 75% 00057.jpg 00057.jpg.imrecompjpg.1685305431.5647657.jpg;None
00089.jpg;c3f8b1708eb52c9caabb61c45ac7c4ba99c9cbfd26468ce3f90401dd355639d5;imrecompjpg;jpeg recompression successful;0:00:00.010296;00089.jpg.imrecompjpg.1685305431.5647657.jpg;daad96a59ed119af486435f2e9a8bba7087b8c079097451ca477ae6a0a99b927;None;None;None;convert -interlace Plane -quality 75% 00089.jpg 00089.jpg.imrecompjpg.1685305431.5647657.jpg;None
00028.jpg;5c9ad737739966bcc4269faad14f48375725d9b9f3d842473273371f7c107725;imrecompjpg;jpeg recompression successful;0:00:00.009593;00028.jpg.imrecompjpg.1685305431.5647657.jpg;924ccb45ea9c0ddd07a98427f7dd9d6aaf4063a6d52d7994ce10ad07b6dae556;None;None;None;convert -interlace Plane -quality 75% 00028.jpg 00028.jpg.imrecompjpg.1685305431.5647657.jpg;None
00077.jpg;6259083fbb4e3ecaca72f1bf09befc7687fd3f3a36a63a0a49aa562cd2a8166d;imrecompjpg;jpeg recompression successful;0:00:00.010389;00077.jpg.imrecompjpg.1685305431.5647657.jpg;2a6831404b616255de63a079090f0b8870920ec3e3ae5e5a9ff193e297296f72;None;None;None;convert -interlace Plane -quality 75% 00077.jpg 00077.jpg.imrecompjpg.1685305431.5647657.jpg;None
00070.jpg;c65d86797f304d031d688ccf9d1dc53294c69884dbea1af6f7d539ddad9a824e;imrecompjpg;jpeg recompression successful;0:00:00.009764;00070.jpg.imrecompjpg.1685305431.5647657.jpg;07f28b5a5fd272b93987685f27cf81f5a096ed9209616dd997a8c4bdd0d08615;None;None;None;convert -interlace Plane -quality 75% 00070.jpg 00070.jpg.imrecompjpg.1685305431.5647657.jpg;None
00016.jpg;424992d78e497034ec8cd821aa0b188a5bf5592a32af0d18abdcf36ca7118e1c;imrecompjpg;jpeg recompression successful;0:00:00.008770;00016.jpg.imrecompjpg.1685305431.5647657.jpg;81552b2eb1bdda930a15780ba7aa389763d202d86fb4d247653ed18a056bb2be;None;None;None;convert -interlace Plane -quality 75% 00016.jpg 00016.jpg.imrecompjpg.1685305431.5647657.jpg;None
00005.jpg;627397230faee1895af7eb3b7a5eb7082f381f9a973d8fbbe307670b1cc49fcb;imrecompjpg;jpeg recompression successful;0:00:00.009686;00005.jpg.imrecompjpg.1685305431.5647657.jpg;cfddd276897ccbba0929d6a5a03a4a56ed2840cbd47f68ae041cbb79b6973065;None;None;None;convert -interlace Plane -quality 75% 00005.jpg 00005.jpg.imrecompjpg.1685305431.5647657.jpg;None
00019.jpg;58f5ddbf66ee4220b942e6ae02d429481ea13fb1bee3854f31ceb0ce4127386f;imrecompjpg;jpeg recompression successful;0:00:00.012404;00019.jpg.imrecompjpg.1685305431.5647657.jpg;e84a99e818230b9ad64d62abd676b7dbdc9fca3d105db2aea77036e950bfa952;None;None;None;convert -interlace Plane -quality 75% 00019.jpg 00019.jpg.imrecompjpg.1685305431.5647657.jpg;None
00021.jpg;93fcbaf8e4b056a52b63f5bdc147278e44dbd390348956861ca871085c15779c;imrecompjpg;jpeg recompression successful;0:00:00.010440;00021.jpg.imrecompjpg.1685305431.5647657.jpg;94fe7d02c1573694dce4da35443376c153c55c828428cf2f69800498581498a8;None;None;None;convert -interlace Plane -quality 75% 00021.jpg 00021.jpg.imrecompjpg.1685305431.5647657.jpg;None
00007.jpg;3adb850d27734861c0a6c82bce51964be8e23480e52666d71718057b185fa046;imrecompjpg;jpeg recompression successful;0:00:00.009453;00007.jpg.imrecompjpg.1685305431.5647657.jpg;0fb1c24194f4d55e08298f184f549f5af8eee74f9eea3aad062917900e0b16c9;None;None;None;convert -interlace Plane -quality 75% 00007.jpg 00007.jpg.imrecompjpg.1685305431.5647657.jpg;None
00035.jpg;8d8961b3c20101d03e4d24ec695789a4bacf7a0ac40bb4e6c2542d2b7d5abd6b;imrecompjpg;jpeg recompression successful;0:00:00.011818;00035.jpg.imrecompjpg.1685305431.5647657.jpg;25279c236cbeebb1a4b4f16454b043f13e9776e56723403f43ac6eafd8d88f76;None;None;None;convert -interlace Plane -quality 75% 00035.jpg 00035.jpg.imrecompjpg.1685305431.5647657.jpg;None
00064.jpg;57ee8bf446adef4925afc3b1f65824cfd1055fdd10c04dbfdd7a741a8809825b;imrecompjpg;jpeg recompression successful;0:00:00.010745;00064.jpg.imrecompjpg.1685305431.5647657.jpg;c4676932fa2bcef878bd79f4a0d476fdb7dbd1f3f8024d0e4dcfdb726468b49d;None;None;None;convert -interlace Plane -quality 75% 00064.jpg 00064.jpg.imrecompjpg.1685305431.5647657.jpg;None
00059.jpg;b110b0ae2e438bf84b7a78720d155760a4bb6079f7563b8d7d46777769e98b0f;imrecompjpg;jpeg recompression successful;0:00:00.010503;00059.jpg.imrecompjpg.1685305431.5647657.jpg;0401f7c58fb5d7a56c435ec8eacedbc389097b15468e4375774617df061a206c;None;None;None;convert -interlace Plane -quality 75% 00059.jpg 00059.jpg.imrecompjpg.1685305431.5647657.jpg;None
00083.jpg;6cf5fde5b589d10528b2a49c6c8ed45babec830840104ceba746ae7519029cb4;imrecompjpg;jpeg recompression successful;0:00:00.009964;00083.jpg.imrecompjpg.1685305431.5647657.jpg;acd1278b23b874a0a8d8739f93970f032ed89865ed33c828f035dd60bef4aea8;None;None;None;convert -interlace Plane -quality 75% 00083.jpg 00083.jpg.imrecompjpg.1685305431.5647657.jpg;None
00104.jpg;daefb64f2ca2e4d446f370393a3110c97d3f785559410e854d8ab90247199054;imrecompjpg;jpeg recompression successful;0:00:00.010979;00104.jpg.imrecompjpg.1685305431.5647657.jpg;1ed62b8ca1179e7bf54b95f659e25c906e831d3c156629a9c62fb7ec8cff9b29;None;None;None;convert -interlace Plane -quality 75% 00104.jpg 00104.jpg.imrecompjpg.1685305431.5647657.jpg;None
00020.jpg;d4a7c5419e9440aab0b2c845f0ece750e110d567fb26082a016b539e113ac56e;imrecompjpg;jpeg recompression successful;0:00:00.009775;00020.jpg.imrecompjpg.1685305431.5647657.jpg;d7c3734e44a1ff5f587520c9159d7cf6f35179633073180894e1f6b80ae76490;None;None;None;convert -interlace Plane -quality 75% 00020.jpg 00020.jpg.imrecompjpg.1685305431.5647657.jpg;None
00082.jpg;115e29ef2967c8658e31d9987d3485ee58a6ca08417a4542525143713d4de2da;imrecompjpg;jpeg recompression successful;0:00:00.010728;00082.jpg.imrecompjpg.1685305431.5647657.jpg;da00146754676ce0f35a63277dca39d171ea60ebf3e030323d93601936009022;None;None;None;convert -interlace Plane -quality 75% 00082.jpg 00082.jpg.imrecompjpg.1685305431.5647657.jpg;None
00042.jpg;e1ff5e548702d291beaceb02bd09afce7ad5ba4ce3bb6d163d8673b9eac0528f;imrecompjpg;jpeg recompression successful;0:00:00.008091;00042.jpg.imrecompjpg.1685305431.5647657.jpg;3b23669b2dbac1fe43e6a4ce36885b99df474b4b9c1e51fc4db8ca152fb6c678;None;None;None;convert -interlace Plane -quality 75% 00042.jpg 00042.jpg.imrecompjpg.1685305431.5647657.jpg;None
00004.jpg;aad931de227f20fd5dcc3bcf07251199e124726a0165d903353ebf06666768f0;imrecompjpg;jpeg recompression successful;0:00:00.010282;00004.jpg.imrecompjpg.1685305431.5647657.jpg;a58d3fe3c59423fd1c688fac2c790b06ecef042e4ef497921692dfb094a98309;None;None;None;convert -interlace Plane -quality 75% 00004.jpg 00004.jpg.imrecompjpg.1685305431.5647657.jpg;None
00060.jpg;bf404510637f6621c58f0cd4d9e8c1e9d9f67a50de56d30fbbecf6d5428e98fa;imrecompjpg;jpeg recompression successful;0:00:00.010785;00060.jpg.imrecompjpg.1685305431.5647657.jpg;8142c46a8248743b5e10e9e696b6624444e2366da6e84f442f1707755ce1ac75;None;None;None;convert -interlace Plane -quality 75% 00060.jpg 00060.jpg.imrecompjpg.1685305431.5647657.jpg;None
00092.jpg;feb7fad46d760354ff211037e54cc2edb3f3942681565937d6f6b22408259f06;imrecompjpg;jpeg recompression successful;0:00:00.008920;00092.jpg.imrecompjpg.1685305431.5647657.jpg;3fe43edffa1e58850dab76b634c685d9884bf60e4ae86b9733ad98847b35a382;None;None;None;convert -interlace Plane -quality 75% 00092.jpg 00092.jpg.imrecompjpg.1685305431.5647657.jpg;None
00053.jpg;e1cd698f0a4db56da0f79af92ef5c2a7ec0b0a23eb472ef0a1f9f2efc32758f4;imrecompjpg;jpeg recompression successful;0:00:00.009834;00053.jpg.imrecompjpg.1685305431.5647657.jpg;39473b9f4df504f4d021c8d703f755edb08a9b1b6bee2a2d3fa395fdd6444e61;None;None;None;convert -interlace Plane -quality 75% 00053.jpg 00053.jpg.imrecompjpg.1685305431.5647657.jpg;None
00001.jpg;6736b93a678be8fee00876bc8224b1ff7ae0aa4081ccc574948d4c7e172bd3f5;imrecompjpg;jpeg recompression successful;0:00:00.010789;00001.jpg.imrecompjpg.1685305431.5647657.jpg;87f79c207ccb613ed51f7e959dc5a46f44a0b26a0444842d4ad680504f8d7f07;None;None;None;convert -interlace Plane -quality 75% 00001.jpg 00001.jpg.imrecompjpg.1685305431.5647657.jpg;None
00096.jpg;0f1f7504134cddc8252767296f9f04aecf328ca7e829270af69e303195a3e092;imrecompjpg;jpeg recompression successful;0:00:00.012222;00096.jpg.imrecompjpg.1685305431.5647657.jpg;1bd45862c7c3827e041568702f058fe56e20006d4803d3ccc7b8fca52ac20348;None;None;None;convert -interlace Plane -quality 75% 00096.jpg 00096.jpg.imrecompjpg.1685305431.5647657.jpg;None
00032.jpg;a7299c02a07e47fb5775bc65ba0fbeca78eb0ba41bd09b512f24719a60c088ab;imrecompjpg;jpeg recompression successful;0:00:00.010756;00032.jpg.imrecompjpg.1685305431.5647657.jpg;2f68893250948a1e362aa32667c8f314f48bcf9ca4060061542714736e1d740b;None;None;None;convert -interlace Plane -quality 75% 00032.jpg 00032.jpg.imrecompjpg.1685305431.5647657.jpg;None
00086.jpg;24b33632dad332a67db0faf32409655bfbd8d31e1524713139d93cae07482557;imrecompjpg;jpeg recompression successful;0:00:00.010085;00086.jpg.imrecompjpg.1685305431.5647657.jpg;7921a4325b70b10ac1cc9746dd461d159792738de76792409f6d71e8325b57ae;None;None;None;convert -interlace Plane -quality 75% 00086.jpg 00086.jpg.imrecompjpg.1685305431.5647657.jpg;None
00038.jpg;2f043984015798a6ae50582962ca97b57534d2675e332e67da3df775379e9a75;imrecompjpg;jpeg recompression successful;0:00:00.009416;00038.jpg.imrecompjpg.1685305431.5647657.jpg;7c63b291af3125868004bdc0adf20849333d777cdafad98015f25cff36b367ed;None;None;None;convert -interlace Plane -quality 75% 00038.jpg 00038.jpg.imrecompjpg.1685305431.5647657.jpg;None
00094.jpg;4dd339938eea050b9279dead3dc3ca48c4a3fea2b45e3d4eda3bca4ab8618bdd;imrecompjpg;jpeg recompression successful;0:00:00.010316;00094.jpg.imrecompjpg.1685305431.5647657.jpg;250c1766ffa2d94b43cd6aa752a21965285bc5025c93000cb3c32e6e2a83a23d;None;None;None;convert -interlace Plane -quality 75% 00094.jpg 00094.jpg.imrecompjpg.1685305431.5647657.jpg;None
00101.jpg;39ff12c6a94ce64ef4d147183fbecfbb278f1c1b9bdbdfcb2ef3939528b46280;imrecompjpg;jpeg recompression successful;0:00:00.010452;00101.jpg.imrecompjpg.1685305431.5647657.jpg;31df24dce06a4016a977f0b8f64a5fbc744b974ebc3ae4563800ba81d92da948;None;None;None;convert -interlace Plane -quality 75% 00101.jpg 00101.jpg.imrecompjpg.1685305431.5647657.jpg;None
00033.jpg;f0232f9ac2782c80fcec4e3cd81d31861112524f8bbd415eba588e67e7064fc4;imrecompjpg;jpeg recompression successful;0:00:00.009181;00033.jpg.imrecompjpg.1685305431.5647657.jpg;d9e86e5d42fe58a93785168f05087aae305be3c03e5f2a8cfe3f3b2f92bc70e5;None;None;None;convert -interlace Plane -quality 75% 00033.jpg 00033.jpg.imrecompjpg.1685305431.5647657.jpg;None
00091.jpg;b774c7dfd5e81207587bcbd92032c8ed67f326eed897c4b863c27b7ea49eb03a;imrecompjpg;jpeg recompression successful;0:00:00.010499;00091.jpg.imrecompjpg.1685305431.5647657.jpg;5886a6880b606f0d8732e685dad79219f6fc7cd9abb1db4929dabfc2a7032df1;None;None;None;convert -interlace Plane -quality 75% 00091.jpg 00091.jpg.imrecompjpg.1685305431.5647657.jpg;None
00044.jpg;b782b5e4243e642432adf473e772f5698e3a2ae61c005475ac4348a4452a8365;imrecompjpg;jpeg recompression successful;0:00:00.011958;00044.jpg.imrecompjpg.1685305431.5647657.jpg;a12529c6cf981bc2be5c5aa85400445f569347048c83ee8ad6d9f93af072f773;None;None;None;convert -interlace Plane -quality 75% 00044.jpg 00044.jpg.imrecompjpg.1685305431.5647657.jpg;None
00071.jpg;bf5d061e4082337bb6fde0531cd5e2646e089b68796ca5b51a9e11ec541d4b2a;imrecompjpg;jpeg recompression successful;0:00:00.008407;00071.jpg.imrecompjpg.1685305431.5647657.jpg;6f56914f6325f5e5f6d0ef7f6d772e089e007399955202710ea0332ad17c2b1e;None;None;None;convert -interlace Plane -quality 75% 00071.jpg 00071.jpg.imrecompjpg.1685305431.5647657.jpg;None
00084.jpg;33c24bce67f95a056495ef5c98abac6ebb7ecad2030441b337e08f1d1635fe7f;imrecompjpg;jpeg recompression successful;0:00:00.010180;00084.jpg.imrecompjpg.1685305431.5647657.jpg;50b6c0a6b9c9ac3bf1d8c4882a7be8e98b5fad887ff2d818b59127ec9377fb55;None;None;None;convert -interlace Plane -quality 75% 00084.jpg 00084.jpg.imrecompjpg.1685305431.5647657.jpg;None
00002.jpg;f3686b40fbfa0ad87cbae74f65fd6244d6c2ed180fdd966bf1997fc14ce87a96;imrecompjpg;jpeg recompression successful;0:00:00.010393;00002.jpg.imrecompjpg.1685305431.5647657.jpg;dda7b7d98c2023184619587e37aa59770ebdb7e518599ae1b5f6d0abb51666b9;None;None;None;convert -interlace Plane -quality 75% 00002.jpg 00002.jpg.imrecompjpg.1685305431.5647657.jpg;None
00036.jpg;89089771ee548ad5068bdd5e51d60d79735ab56668ddbd195e8c123f530df4bc;imrecompjpg;jpeg recompression successful;0:00:00.012570;00036.jpg.imrecompjpg.1685305431.5647657.jpg;6da13b7116c3553f6461c807d71e32005f5821934e63ee22ba1b27daa3ac7cf1;None;None;None;convert -interlace Plane -quality 75% 00036.jpg 00036.jpg.imrecompjpg.1685305431.5647657.jpg;None
00103.jpg;dd9d84bc45e189adbe7238d2683ddef123806a7a1e0eb82494e07baa46b72679;imrecompjpg;jpeg recompression successful;0:00:00.011030;00103.jpg.imrecompjpg.1685305431.5647657.jpg;bf5f821a0ad4596342c54a5ccdc629dcf8914b71d82dc4ffc60788a53a707082;None;None;None;convert -interlace Plane -quality 75% 00103.jpg 00103.jpg.imrecompjpg.1685305431.5647657.jpg;None
00008.jpg;8a3bf967e526ac16fe58fc11e72ffb79073c6f17f3471decce04816572fbc6cf;imrecompjpg;jpeg recompression successful;0:00:00.009054;00008.jpg.imrecompjpg.1685305431.5647657.jpg;56242876e8ff69c45e015cf1637188082db840a7dc7f3ca4929b253a42daf0ed;None;None;None;convert -interlace Plane -quality 75% 00008.jpg 00008.jpg.imrecompjpg.1685305431.5647657.jpg;None
00029.jpg;64c7d44a362b8fc2e7ab306b29f8cbeee4a9dcbc4c556c94a3513a230dae0757;imrecompjpg;jpeg recompression successful;0:00:00.009269;00029.jpg.imrecompjpg.1685305431.5647657.jpg;ed4df7e16e4e396f3f1779f9dab9d4e8f0707ef63d35950ddee3b3e1ea76c3b8;None;None;None;convert -interlace Plane -quality 75% 00029.jpg 00029.jpg.imrecompjpg.1685305431.5647657.jpg;None
00068.jpg;1cd659d6e607cc24c7a132bf8d37b61027c2faa4e14c28890e02e9cd939f4c0e;imrecompjpg;jpeg recompression successful;0:00:00.010382;00068.jpg.imrecompjpg.1685305431.5647657.jpg;a3cdb199310a19a62a754b1c65d8ec7eb360dc2b3811f8603fecfea004220073;None;None;None;convert -interlace Plane -quality 75% 00068.jpg 00068.jpg.imrecompjpg.1685305431.5647657.jpg;None
00100.jpg;3d3ab9b1bc7efeacc32e273d71e03636c63af7eebb7c306ad1b4ea15af53018f;imrecompjpg;jpeg recompression successful;0:00:00.009232;00100.jpg.imrecompjpg.1685305431.5647657.jpg;9c31885b1d06b8c8cdc4f0f7b083864b92b3520a1d7b85ab7541387e8375ef4b;None;None;None;convert -interlace Plane -quality 75% 00100.jpg 00100.jpg.imrecompjpg.1685305431.5647657.jpg;None
00088.jpg;a49c0166b7412af201fa47110dce31f3059744cc3fba4f17906e0a372274877f;imrecompjpg;jpeg recompression successful;0:00:00.010200;00088.jpg.imrecompjpg.1685305431.5647657.jpg;6140b5d8396eb25f9874083787be7f04bac26bcfe0d62140b2bbc5125863908c;None;None;None;convert -interlace Plane -quality 75% 00088.jpg 00088.jpg.imrecompjpg.1685305431.5647657.jpg;None
00078.jpg;bcf64a97fb6dd32d1b7491db0247b323d1cff3285be542d7ebb8efb952455b7a;imrecompjpg;jpeg recompression successful;0:00:00.008639;00078.jpg.imrecompjpg.1685305431.5647657.jpg;027704d6c4285a655610f97d056f0070d0e23ac38b0fdcae9ef78ed4d7abc017;None;None;None;convert -interlace Plane -quality 75% 00078.jpg 00078.jpg.imrecompjpg.1685305431.5647657.jpg;None
00090.jpg;aea036f0073133343e695392ca654da9a366768e62c9d8f0c8d19ecd256b7777;imrecompjpg;jpeg recompression successful;0:00:00.009003;00090.jpg.imrecompjpg.1685305431.5647657.jpg;153ff6b05244f66b40739ed0341b438f11530bfda5fecf9d1d1f439355a773ea;None;None;None;convert -interlace Plane -quality 75% 00090.jpg 00090.jpg.imrecompjpg.1685305431.5647657.jpg;None
00027.jpg;81ee8e6a59c841af8bb3ee1902a4b95959e941c67d14fa6bcf442b6b3264098b;imrecompjpg;jpeg recompression successful;0:00:00.010510;00027.jpg.imrecompjpg.1685305431.5647657.jpg;be102534330217fcc314b105c2c0dd931f311c2a5194bf6199a3101fe4e8bd01;None;None;None;convert -interlace Plane -quality 75% 00027.jpg 00027.jpg.imrecompjpg.1685305431.5647657.jpg;None
00056.jpg;f9c3675300740350de6d817f20396b0630cc7a5cc4ee213233a1c5ba397b40e8;imrecompjpg;jpeg recompression successful;0:00:00.010043;00056.jpg.imrecompjpg.1685305431.5647657.jpg;a98c4960afcd210eb3529a6224d7ec371af4f6fccf80d12fff86ffa1cef7d04e;None;None;None;convert -interlace Plane -quality 75% 00056.jpg 00056.jpg.imrecompjpg.1685305431.5647657.jpg;None
00110.jpg;b5b7988c7bdb467c92a6951316f192505f719362a4d82c12c67dd259a61aedfa;imrecompjpg;jpeg recompression successful;0:00:00.010175;00110.jpg.imrecompjpg.1685305431.5647657.jpg;3c0e299c02b6a8766c9b36530cc3700ce678d0364740abba688f2cdf03beeeb9;None;None;None;convert -interlace Plane -quality 75% 00110.jpg 00110.jpg.imrecompjpg.1685305431.5647657.jpg;None
00018.jpg;f6917e713a22f10ead3e629a19338dc176b6144a7a26a9c098c193c11f8e94e6;imrecompjpg;jpeg recompression successful;0:00:00.010417;00018.jpg.imrecompjpg.1685305431.5647657.jpg;0c58717fcd725bb8bd94fbe4eb59382d3b76e1560d066d121c0ad2d2dacde333;None;None;None;convert -interlace Plane -quality 75% 00018.jpg 00018.jpg.imrecompjpg.1685305431.5647657.jpg;None
00054.jpg;bf574a181caca0b246c928cc80835a5fe4490ea9bb0ea314aa7ceb115c09316e;imrecompjpg;jpeg recompression successful;0:00:00.008996;00054.jpg.imrecompjpg.1685305431.5647657.jpg;89843d9e179a5a7e541ab86b58a0f44fef9c745694dfff6b6cb2e446a2c74487;None;None;None;convert -interlace Plane -quality 75% 00054.jpg 00054.jpg.imrecompjpg.1685305431.5647657.jpg;None
00039.jpg;21784a0f7ace0e203cfe7e54ef9c3b0f6b8bbffeb827f52a6b295dcddd7ef9dc;imrecompjpg;jpeg recompression successful;0:00:00.008868;00039.jpg.imrecompjpg.1685305431.5647657.jpg;bfd48ae39a5cfcf8134bae933cffc17fdfe0798f0d79a742846263eba7c55f3f;None;None;None;convert -interlace Plane -quality 75% 00039.jpg 00039.jpg.imrecompjpg.1685305431.5647657.jpg;None
00041.jpg;4b0f5436ec3b205d0b7fd63136983f9c3f8820543b5bfefb56500731782e363e;imrecompjpg;jpeg recompression successful;0:00:00.011002;00041.jpg.imrecompjpg.1685305431.5647657.jpg;ca1c861ba2a5aa8515edaad7676dcab4690ef15c26579c3955c5882158f2b22b;None;None;None;convert -interlace Plane -quality 75% 00041.jpg 00041.jpg.imrecompjpg.1685305431.5647657.jpg;None
00043.jpg;077a806f744b267c2e3d402a4752e67e7e3bd359c88bc9029f9ff9be91f72e2b;imrecompjpg;jpeg recompression successful;0:00:00.010055;00043.jpg.imrecompjpg.1685305431.5647657.jpg;ecbe23d330e698e857e345fdfa197e6141fde4e5f527692677f2291f9abca245;None;None;None;convert -interlace Plane -quality 75% 00043.jpg 00043.jpg.imrecompjpg.1685305431.5647657.jpg;None
00107.jpg;429e59562560218947f2c0e5c9132bd5e28db5a2fbca31b731900418f4efedea;imrecompjpg;jpeg recompression successful;0:00:00.008125;00107.jpg.imrecompjpg.1685305431.5647657.jpg;e3520b3488c7ecf37f7789dc90973c0bf59e0eca971b7e851ac4e19b2d368346;None;None;None;convert -interlace Plane -quality 75% 00107.jpg 00107.jpg.imrecompjpg.1685305431.5647657.jpg;None
00024.jpg;ed4506447f38fdca99e2cc2f2efd83785d73c06ede8e5256a2e38574d58b5562;imrecompjpg;jpeg recompression successful;0:00:00.009594;00024.jpg.imrecompjpg.1685305431.5647657.jpg;dc7a0b240bf96a52ba5cfab256f8124db23d2b772c20d96354c889ebbbccb7ae;None;None;None;convert -interlace Plane -quality 75% 00024.jpg 00024.jpg.imrecompjpg.1685305431.5647657.jpg;None
00058.jpg;b233a29daf16e60e802465c9d2fb3b7fa19773ac0819bd7abe17b02c454257c9;imrecompjpg;jpeg recompression successful;0:00:00.008706;00058.jpg.imrecompjpg.1685305431.5647657.jpg;b5d0656dcca58a4f92189a904f94e25dfc45670a13a51eda1b1cf8136c29d6cd;None;None;None;convert -interlace Plane -quality 75% 00058.jpg 00058.jpg.imrecompjpg.1685305431.5647657.jpg;None
00061.jpg;709c7b0d26c681d19c31784e5ecef78e88e29b0bae9e69340233ed47696c138e;imrecompjpg;jpeg recompression successful;0:00:00.009338;00061.jpg.imrecompjpg.1685305431.5647657.jpg;1efef53d5b5281e82b88d017e687c16e4ae5cf39add6a9ac663307cc99d9a8fc;None;None;None;convert -interlace Plane -quality 75% 00061.jpg 00061.jpg.imrecompjpg.1685305431.5647657.jpg;None
00106.jpg;6e0bf763346e0e84a861c5229b10e3bccecfb347526e73871cbb1e0c67aacfc5;imrecompjpg;jpeg recompression successful;0:00:00.010541;00106.jpg.imrecompjpg.1685305431.5647657.jpg;f74fdb02ecaf9f3d0697ed12743f4f2fa0751419971569c08343e1862e377357;None;None;None;convert -interlace Plane -quality 75% 00106.jpg 00106.jpg.imrecompjpg.1685305431.5647657.jpg;None
00025.jpg;d8c9f768a82c86567cffc96f78116ad8508c02a5f9da59c8c2a9ddc6f495f361;imrecompjpg;jpeg recompression successful;0:00:00.011561;00025.jpg.imrecompjpg.1685305431.5647657.jpg;5415c39be207cb3096e512bb16e923c7410c4228987a95959cb3046f80feff74;None;None;None;convert -interlace Plane -quality 75% 00025.jpg 00025.jpg.imrecompjpg.1685305431.5647657.jpg;None
00023.jpg;9bc115cc7423e5173e0a6dd132b118da3cb61f9000535cd1c7ebdb924bc67536;imrecompjpg;jpeg recompression successful;0:00:00.011136;00023.jpg.imrecompjpg.1685305431.5647657.jpg;bb4571e02e4bb8c1a3076d517e52ef8be1bb7c38fb822ea1abce9a9ccf2b91ad;None;None;None;convert -interlace Plane -quality 75% 00023.jpg 00023.jpg.imrecompjpg.1685305431.5647657.jpg;None
00065.jpg;d1a201943fe695decf5eb792c4879acbaebfad19e3ba14a9614a465b12657caa;imrecompjpg;jpeg recompression successful;0:00:00.010129;00065.jpg.imrecompjpg.1685305431.5647657.jpg;b70081021f4154d252fc41bd6a089ba9bccd8fcb7aa58a6ebabb8ede2550a44c;None;None;None;convert -interlace Plane -quality 75% 00065.jpg 00065.jpg.imrecompjpg.1685305431.5647657.jpg;None
00073.jpg;b0ef3b3d98c9ec3fa5211c7f5d815f5642a40e7627bb7d56506eb452662e4d7c;imrecompjpg;jpeg recompression successful;0:00:00.008645;00073.jpg.imrecompjpg.1685305431.5647657.jpg;2c68aef14d6580bd6b74ba82f4e5088b22617079ef042d7b4f033d9a567a00f0;None;None;None;convert -interlace Plane -quality 75% 00073.jpg 00073.jpg.imrecompjpg.1685305431.5647657.jpg;None
00048.jpg;1473a0472fa7e890ae51c5a7f5c88e724312da79959d4545188e918aa31672ff;imrecompjpg;jpeg recompression successful;0:00:00.008234;00048.jpg.imrecompjpg.1685305431.5647657.jpg;25f9c214b9ea01ae5a620646b3d7d7eb9cbd94ff86a1162cee2989b9338f485d;None;None;None;convert -interlace Plane -quality 75% 00048.jpg 00048.jpg.imrecompjpg.1685305431.5647657.jpg;None
00099.jpg;63864e083c8b0c880fbbe3c40f120030f0661b1392e87e550d6ce4ff31adcbf6;imrecompjpg;jpeg recompression successful;0:00:00.010177;00099.jpg.imrecompjpg.1685305431.5647657.jpg;26581bffda91feae0f9807b9ab28849fc15f569e293246b339b4b21cc3fe3862;None;None;None;convert -interlace Plane -quality 75% 00099.jpg 00099.jpg.imrecompjpg.1685305431.5647657.jpg;None
00031.jpg;fadf56a2c764c83c3465ce584f5bb8289c85cbd2cd794e1d67e13833c82abf77;imrecompjpg;jpeg recompression successful;0:00:00.009157;00031.jpg.imrecompjpg.1685305431.5647657.jpg;2e7d70b68961905b83970507fced9046bfa4aa3b7a7b1d0c4ca3b92a1ee2447b;None;None;None;convert -interlace Plane -quality 75% 00031.jpg 00031.jpg.imrecompjpg.1685305431.5647657.jpg;None
00030.jpg;b8158ad0849e2d0eb3b81562f845a000149fc239802a722302d8efabfe9d0838;imrecompjpg;jpeg recompression successful;0:00:00.010271;00030.jpg.imrecompjpg.1685305431.5647657.jpg;47694205b5740792f8a77e849d2db2ffe2b85d1fa0a7070d21e5c6f4df741967;None;None;None;convert -interlace Plane -quality 75% 00030.jpg 00030.jpg.imrecompjpg.1685305431.5647657.jpg;None
00076.jpg;fa00db31d80c16547b8f0c29959eb3760d1b4cc941a28d334964c1dcbb0a65de;imrecompjpg;jpeg recompression successful;0:00:00.011420;00076.jpg.imrecompjpg.1685305431.5647657.jpg;f5cb41c1e584721ad1c08305ea3967de2be76cfc5a73991bf6fadc4838598614;None;None;None;convert -interlace Plane -quality 75% 00076.jpg 00076.jpg.imrecompjpg.1685305431.5647657.jpg;None
00015.jpg;e249ca503fc1512cf8d1ad6ab662b57868c9d290fa7fdc1c4098132fd69799ad;imrecompjpg;jpeg recompression successful;0:00:00.010868;00015.jpg.imrecompjpg.1685305431.5647657.jpg;0f9eb318d5f262dec559a6440ef09de5287f71f24145d569430db2bbf61067a1;None;None;None;convert -interlace Plane -quality 75% 00015.jpg 00015.jpg.imrecompjpg.1685305431.5647657.jpg;None
00079.jpg;b595da204e66f6ce663586c8e55056ac8172c4e7f65d883ed158a3d507cab99d;imrecompjpg;jpeg recompression successful;0:00:00.009403;00079.jpg.imrecompjpg.1685305431.5647657.jpg;81e5233056e9cd9ce8145b8f655213b99351db89a185011df7d651406d6b1c0e;None;None;None;convert -interlace Plane -quality 75% 00079.jpg 00079.jpg.imrecompjpg.1685305431.5647657.jpg;None
00052.jpg;e4dd94e8ba1578e7b6873e83c1089de0982afe5735c909896ff8f8d22ef5da17;imrecompjpg;jpeg recompression successful;0:00:00.012630;00052.jpg.imrecompjpg.1685305431.5647657.jpg;b9ad27d376717495d42218cd72000a61b18cffb93bf0060b06e80d940c391828;None;None;None;convert -interlace Plane -quality 75% 00052.jpg 00052.jpg.imrecompjpg.1685305431.5647657.jpg;None
00072.jpg;6cf19ffa0744ea7db56fada10471bbb4643cbcd55e3f86775ad656d651667e03;imrecompjpg;jpeg recompression successful;0:00:00.009370;00072.jpg.imrecompjpg.1685305431.5647657.jpg;d6eef2db5c91827b65f2cf17e7e06dfd88903d97c387acdd9493ce29fbc7d971;None;None;None;convert -interlace Plane -quality 75% 00072.jpg 00072.jpg.imrecompjpg.1685305431.5647657.jpg;None
00055.jpg;2affa854f798b8cd8283250fc68accba853ec1380fd5ba68f6982b7f8078ce30;imrecompjpg;jpeg recompression successful;0:00:00.010024;00055.jpg.imrecompjpg.1685305431.5647657.jpg;0160a3fff8f19f159917bab86b4efff9cdb03d12ae428e196beb79a989bab9c7;None;None;None;convert -interlace Plane -quality 75% 00055.jpg 00055.jpg.imrecompjpg.1685305431.5647657.jpg;None
00069.jpg;861c4f9b5d855b1e98777282bbc7706a4e14a3759232215bb9e868e5ef6bcd38;imrecompjpg;jpeg recompression successful;0:00:00.009890;00069.jpg.imrecompjpg.1685305431.5647657.jpg;874d147de62cfc7c3619ae66335b6006ebf0ba513748872463608f4c61020f59;None;None;None;convert -interlace Plane -quality 75% 00069.jpg 00069.jpg.imrecompjpg.1685305431.5647657.jpg;None
00013.jpg;a1ac9df3140906f9ef2f1dea28181a3333bdde7cd081c30bf3e023cf7fa9bbd3;imrecompjpg;jpeg recompression successful;0:00:00.012499;00013.jpg.imrecompjpg.1685305431.5647657.jpg;7966e5975ccd202db3bf08c31cc36f5907926b52ae2a68c7787fe69b45f6efce;None;None;None;convert -interlace Plane -quality 75% 00013.jpg 00013.jpg.imrecompjpg.1685305431.5647657.jpg;None
00003.jpg;a08ad5c7a5f0be95042d8cbcb5e487f95964427a1ca8948763fd10207ac7a327;imrecompjpg;jpeg recompression successful;0:00:00.010810;00003.jpg.imrecompjpg.1685305431.5647657.jpg;c1f5e538437a5c7d9a263eabb302999a86e9ca5b75ceea3af423b078625725b5;None;None;None;convert -interlace Plane -quality 75% 00003.jpg 00003.jpg.imrecompjpg.1685305431.5647657.jpg;None
00081.jpg;53bb23f88908016ca4e7a8d795da6a1244d45989518cc89fc2999feb70b29774;imrecompjpg;jpeg recompression successful;0:00:00.009242;00081.jpg.imrecompjpg.1685305431.5647657.jpg;8709ba83d9118a642251b88644d1b27fd2ef0d4715489b7d8a84f929440f3176;None;None;None;convert -interlace Plane -quality 75% 00081.jpg 00081.jpg.imrecompjpg.1685305431.5647657.jpg;None
00046.jpg;6e0209bf04a1442fab3549ee4879a59df8a98f5ba8e8ec6a2e7caf2697bf3f6d;imrecompjpg;jpeg recompression successful;0:00:00.007812;00046.jpg.imrecompjpg.1685305431.5647657.jpg;46444f1f7182f438779a219e315093184100ba9251007276b5551a6370927fff;None;None;None;convert -interlace Plane -quality 75% 00046.jpg 00046.jpg.imrecompjpg.1685305431.5647657.jpg;None
00097.jpg;05bf666b2b7906175c45ec4686002b29da6a0f08a65dafc34abe0fa8c8947f3e;imrecompjpg;jpeg recompression successful;0:00:00.008975;00097.jpg.imrecompjpg.1685305431.5647657.jpg;821577bd518a5e21f7e08b4459e38536e5525660c843592ad6eb8d93d3653357;None;None;None;convert -interlace Plane -quality 75% 00097.jpg 00097.jpg.imrecompjpg.1685305431.5647657.jpg;None
00095.jpg;ae28c78bc7358e96b95e7784b2a35432f78323b6cb42d88d8f757340dd4b3a4d;imrecompjpg;jpeg recompression successful;0:00:00.009436;00095.jpg.imrecompjpg.1685305431.5647657.jpg;0df0c4035b03aefc8155fb5039a8bd2c1eb90bbff40c02a59fe392456a4ab0f4;None;None;None;convert -interlace Plane -quality 75% 00095.jpg 00095.jpg.imrecompjpg.1685305431.5647657.jpg;None
00105.jpg;6cdc356fc939f98a3ae2e296cbbbf60745fc68b3779c37dacc2d4e5ba079e0d0;imrecompjpg;jpeg recompression successful;0:00:00.011024;00105.jpg.imrecompjpg.1685305431.5647657.jpg;f60605df94eaa0ebe973fd15e3d1601bc1fec1ea8de716d936c280c3172099cd;None;None;None;convert -interlace Plane -quality 75% 00105.jpg 00105.jpg.imrecompjpg.1685305431.5647657.jpg;None
00010.jpg;5274e3bc979010ff842def441b9eadea9809a86379873314723ceedbb5f5bf6c;imrecompjpg;jpeg recompression successful;0:00:00.010909;00010.jpg.imrecompjpg.1685305431.5647657.jpg;f0280bb5f6ab2fa6a32555dd6bffc27645e3c8da60f7d2f19ecca100946d630c;None;None;None;convert -interlace Plane -quality 75% 00010.jpg 00010.jpg.imrecompjpg.1685305431.5647657.jpg;None
00067.jpg;07cd491bade0719505f39c5db928fc2d67d70243aa7112b8403d7f222ff5a717;imrecompjpg;jpeg recompression successful;0:00:00.009023;00067.jpg.imrecompjpg.1685305431.5647657.jpg;e3019e3864ed4ae969bc45819076adb9cc3b7e8552ca6dda45ac2ed58dd0824d;None;None;None;convert -interlace Plane -quality 75% 00067.jpg 00067.jpg.imrecompjpg.1685305431.5647657.jpg;None
00014.jpg;50359ecd4b9d94c0c2de67cfb9ea23b42c5446f25d4a302a97b47770557b42a3;imrecompjpg;jpeg recompression successful;0:00:00.009331;00014.jpg.imrecompjpg.1685305431.5647657.jpg;7d4737f4112700341c13e1c06337c0e97f100b27536477ea33f75cbc70a2e8da;None;None;None;convert -interlace Plane -quality 75% 00014.jpg 00014.jpg.imrecompjpg.1685305431.5647657.jpg;None
00085.jpg;75b6911dc78b2666f0433c15ba533864136a22269c5e0cf3f44d965fcf14df52;imrecompjpg;jpeg recompression successful;0:00:00.009982;00085.jpg.imrecompjpg.1685305431.5647657.jpg;b5b3f33086b0ead5543685e380ba7c8602a60ed51ce488c1b5a497d3da6e3493;None;None;None;convert -interlace Plane -quality 75% 00085.jpg 00085.jpg.imrecompjpg.1685305431.5647657.jpg;None
00062.jpg;5d1ea3600662f1429c06c3235d353c4bd05a28ee4a8514b1aaffc28a15e08030;imrecompjpg;jpeg recompression successful;0:00:00.009086;00062.jpg.imrecompjpg.1685305431.5647657.jpg;92a38db6c4b9741fcdbaf3a8e2372fd5a93940da1a54cbed57cd0fed073f05c6;None;None;None;convert -interlace Plane -quality 75% 00062.jpg 00062.jpg.imrecompjpg.1685305431.5647657.jpg;None
00108.jpg;954d8a74e946eaa275b847b9e7cb7e95c05126a1cd425a7473f41e55729a085c;imrecompjpg;jpeg recompression successful;0:00:00.009954;00108.jpg.imrecompjpg.1685305431.5647657.jpg;4452695b51d5951f190c1a08f51e4488287cf369b42091df6f6d7e88a292a87a;None;None;None;convert -interlace Plane -quality 75% 00108.jpg 00108.jpg.imrecompjpg.1685305431.5647657.jpg;None
00037.jpg;74bc17a2e6e0cd3d3dbb306582d19cedb44d5c04edc0606448cde9e5c09661c7;imrecompjpg;jpeg recompression successful;0:00:00.009338;00037.jpg.imrecompjpg.1685305431.5647657.jpg;e741f5f887cf8fa80a77efbfc9a30149b1b076e6145d358dc25aa8c7781dca0e;None;None;None;convert -interlace Plane -quality 75% 00037.jpg 00037.jpg.imrecompjpg.1685305431.5647657.jpg;None
00017.jpg;692a9880ff907a6221e42e3c11f70169a296595bbe5b575c03dcca4ec56254d5;imrecompjpg;jpeg recompression successful;0:00:00.011844;00017.jpg.imrecompjpg.1685305431.5647657.jpg;e736488f22d6569e533c11c176ff0ab6ac54101db6eed6d06de4557f4cd277d0;None;None;None;convert -interlace Plane -quality 75% 00017.jpg 00017.jpg.imrecompjpg.1685305431.5647657.jpg;None
00040.jpg;af0c8f0184062f2e4d2c24ccc1c0860167dc6675727f732a6c28edf84bf813cd;imrecompjpg;jpeg recompression successful;0:00:00.011505;00040.jpg.imrecompjpg.1685305431.5647657.jpg;382222572fb03eeb0e105f0e09b9738637d07bcaf814e5cf24467aef21fbb718;None;None;None;convert -interlace Plane -quality 75% 00040.jpg 00040.jpg.imrecompjpg.1685305431.5647657.jpg;None
00050.jpg;c4784ad55556c5312d869f4c3720f19d68be4e057ca15bd29dd1362df2279b51;imrecompjpg;jpeg recompression successful;0:00:00.008710;00050.jpg.imrecompjpg.1685305431.5647657.jpg;ac58f5e1105c7e36eed348397e9313a596a6d68d33ae5e9062aac4a78d98c71d;None;None;None;convert -interlace Plane -quality 75% 00050.jpg 00050.jpg.imrecompjpg.1685305431.5647657.jpg;None
