lena.jpg;fcd5f07e955c9ae01b3582f162306e468890208c14bb6503d99847c7a27b1487;jsteg;stego object created successfully;0:00:00.060273;lena.jpg.jsteg.1683665889.0393834.jpg;db82d96ff9015972762492b33699c02f7210e8c953e4e393412d6e318a6e0360;msg.txt;d6ec6898de87ddac6e5b3611708a7aa1c2d298293349cc1a6c299a1db7149d38;None;None;None
black_canvas.original.jpg;9deba99936891948b7ce4325375742ac2df6c8400fdea9c667baadc9349f61b6;jsteg;jsteg terminated with an error; is the jpeg file broken?;0:00:00.009356;black_canvas.original.jpg.jsteg.1683665889.0393834.jpg;49d0ad9db82ec9aa7a210aae462ec5e6d0370a05f41fc9b0db4722312623a201;msg.txt;d6ec6898de87ddac6e5b3611708a7aa1c2d298293349cc1a6c299a1db7149d38;None;None;None
00004.jpg;aad931de227f20fd5dcc3bcf07251199e124726a0165d903353ebf06666768f0;jsteg;stego object created successfully;0:00:00.027611;00004.jpg.jsteg.1683665889.0393834.jpg;bd1e47b69f25c307da26d93f1d3d315639a9462bf94c24fe864c0fb89b220d47;msg.txt;d6ec6898de87ddac6e5b3611708a7aa1c2d298293349cc1a6c299a1db7149d38;None;None;None
airplane.jpg;dbd6d2defe07003056e647e4346f137ff5950d9246356f6f681e38e332459d42;jsteg;stego object created successfully;0:00:00.048085;airplane.jpg.jsteg.1683665889.0393834.jpg;40bb3923743771d68e80015e57f263c89f9a885df1cdbe373679700ab70056e5;msg.txt;d6ec6898de87ddac6e5b3611708a7aa1c2d298293349cc1a6c299a1db7149d38;None;None;None
00001.jpg;6736b93a678be8fee00876bc8224b1ff7ae0aa4081ccc574948d4c7e172bd3f5;jsteg;stego object created successfully;0:00:00.020908;00001.jpg.jsteg.1683665889.0393834.jpg;0a64ec620ef110cd9ee68611e0fe1e1683f69fcfe8f8a7d3e222929b30130665;msg.txt;d6ec6898de87ddac6e5b3611708a7aa1c2d298293349cc1a6c299a1db7149d38;None;None;None
00008.jpg;8a3bf967e526ac16fe58fc11e72ffb79073c6f17f3471decce04816572fbc6cf;jsteg;stego object created successfully;0:00:00.021136;00008.jpg.jsteg.1683665889.0393834.jpg;506f17c8195871ff94ee5e68be7f7d56821ba16dc8ad60eac36a9fcad9f1a516;msg.txt;d6ec6898de87ddac6e5b3611708a7aa1c2d298293349cc1a6c299a1db7149d38;None;None;None
lowEntropyEbd-noKey.jpg;b1e70b8f6529752acf8646a61b0fff401ae34f2ed5a872b162273e3aba0ae09f;jsteg;jsteg terminated with an error; is the jpeg file broken?;0:00:00.007858;lowEntropyEbd-noKey.jpg.jsteg.1683665889.0393834.jpg;e3b0c44298fc1c149afbf4c8996fb92427ae41e4649b934ca495991b7852b855;msg.txt;d6ec6898de87ddac6e5b3611708a7aa1c2d298293349cc1a6c299a1db7149d38;None;None;None
longEbd-noKey.jpg;f279c8d648be1692c3327c3e0281bd4f568227fcac43a278b16217ae21afc2b4;jsteg;jsteg terminated with an error; is the jpeg file broken?;0:00:00.007057;longEbd-noKey.jpg.jsteg.1683665889.0393834.jpg;e3b0c44298fc1c149afbf4c8996fb92427ae41e4649b934ca495991b7852b855;msg.txt;d6ec6898de87ddac6e5b3611708a7aa1c2d298293349cc1a6c299a1db7149d38;None;None;None
middleEbd-noKey.jpg;be6c4a89bb9727fe5be00b63c4fbbcaa46996705ed27807fe5b54705cbb359f3;jsteg;stego object created successfully;0:00:00.018390;middleEbd-noKey.jpg.jsteg.1683665889.0393834.jpg;e5b94fca0cea847f808f9f8cf817a7c17bba034c690a54ff37bb85d8fe09345e;msg.txt;d6ec6898de87ddac6e5b3611708a7aa1c2d298293349cc1a6c299a1db7149d38;None;None;None
baboon.jpg;c4ba070f23a96645f138880e20a18a1120a6e94f1547dd69fafb98b6863c09d9;jsteg;stego object created successfully;0:00:00.060298;baboon.jpg.jsteg.1683665889.0393834.jpg;c00f27e4b3129b90225cc0bc82a1c048fe7ef51d3bcf63dffb2fe09fdd7fa603;msg.txt;d6ec6898de87ddac6e5b3611708a7aa1c2d298293349cc1a6c299a1db7149d38;None;None;None
black_canvas.Hadar.image.jpg;8598cd11c16f54881933146b79707a6a6923323a3db0962a0944f34347bd0d22;jsteg;jsteg terminated with an error; is the jpeg file broken?;0:00:00.009407;black_canvas.Hadar.image.jpg.jsteg.1683665889.0393834.jpg;49d0ad9db82ec9aa7a210aae462ec5e6d0370a05f41fc9b0db4722312623a201;msg.txt;d6ec6898de87ddac6e5b3611708a7aa1c2d298293349cc1a6c299a1db7149d38;None;None;None
shortEbd-noKey.jpg;8479a97588843604a8e9b0547f0731292d376de5f66f3f5250970062d662913b;jsteg;stego object created successfully;0:00:00.017910;shortEbd-noKey.jpg.jsteg.1683665889.0393834.jpg;fc389205be646d70832a5a729cabd24f6c2766c7422c64b53a4ad2d15e3beee0;msg.txt;d6ec6898de87ddac6e5b3611708a7aa1c2d298293349cc1a6c299a1db7149d38;None;None;None
black_canvas.CAT.image.jpg;a4da2102a0a4052db2a5e04ae9859ae9ef0b778ecaeb1054cd2f8d2fe75f4bf7;jsteg;jsteg terminated with an error; is the jpeg file broken?;0:00:00.009232;black_canvas.CAT.image.jpg.jsteg.1683665889.0393834.jpg;49d0ad9db82ec9aa7a210aae462ec5e6d0370a05f41fc9b0db4722312623a201;msg.txt;d6ec6898de87ddac6e5b3611708a7aa1c2d298293349cc1a6c299a1db7149d38;None;None;None
00007.jpg;3adb850d27734861c0a6c82bce51964be8e23480e52666d71718057b185fa046;jsteg;stego object created successfully;0:00:00.021150;00007.jpg.jsteg.1683665889.0393834.jpg;beb50f2bf4fde892464db58d3931a8b2c3865d7e9357140457c0af0cb89a7978;msg.txt;d6ec6898de87ddac6e5b3611708a7aa1c2d298293349cc1a6c299a1db7149d38;None;None;None
binaryEbd-noKey.jpg;c41311f669f9a418c3aeb3d86a5351308b46c38a9cfb56a0dfd6cc22c2e89eb6;jsteg;jsteg terminated with an error; is the jpeg file broken?;0:00:00.006590;binaryEbd-noKey.jpg.jsteg.1683665889.0393834.jpg;e3b0c44298fc1c149afbf4c8996fb92427ae41e4649b934ca495991b7852b855;msg.txt;d6ec6898de87ddac6e5b3611708a7aa1c2d298293349cc1a6c299a1db7149d38;None;None;None
00017.jpg;692a9880ff907a6221e42e3c11f70169a296595bbe5b575c03dcca4ec56254d5;jsteg;stego object created successfully;0:00:00.028829;00017.jpg.jsteg.1683665889.0393834.jpg;2c874d8fef12648dc0497d9930031fbe2448200c20cdfa010c18357f0ef19198;msg.txt;d6ec6898de87ddac6e5b3611708a7aa1c2d298293349cc1a6c299a1db7149d38;None;None;None
original.jpg;02d787c6f0f662173d527cce75badba9623a3405346a6a2141bd4283ec5674af;jsteg;stego object created successfully;0:00:00.019897;original.jpg.jsteg.1683665889.0393834.jpg;181fba53d6ca1eb5b4c83d554b8986fa8d4e4e7b1fd2a29af01be91025ace8cf;msg.txt;d6ec6898de87ddac6e5b3611708a7aa1c2d298293349cc1a6c299a1db7149d38;None;None;None
black_canvas.CAT.text.jpg;49bb272ebabdd8953b27600bb6d261183b91c13579a3ec1e11602e6254ec2925;jsteg;jsteg terminated with an error; is the jpeg file broken?;0:00:00.011446;black_canvas.CAT.text.jpg.jsteg.1683665889.0393834.jpg;49d0ad9db82ec9aa7a210aae462ec5e6d0370a05f41fc9b0db4722312623a201;msg.txt;d6ec6898de87ddac6e5b3611708a7aa1c2d298293349cc1a6c299a1db7149d38;None;None;None
black_canvas.Hadar.text.jpg;b69c89c58ff45e853919a92da93e48e2911ba2dbf52fe2579f2fc72bda8ae75b;jsteg;jsteg terminated with an error; is the jpeg file broken?;0:00:00.009541;black_canvas.Hadar.text.jpg.jsteg.1683665889.0393834.jpg;49d0ad9db82ec9aa7a210aae462ec5e6d0370a05f41fc9b0db4722312623a201;msg.txt;d6ec6898de87ddac6e5b3611708a7aa1c2d298293349cc1a6c299a1db7149d38;None;None;None
