lena.jpg;fcd5f07e955c9ae01b3582f162306e468890208c14bb6503d99847c7a27b1487;outguess;stego object created successfully;0:00:00.041718;lena.jpg.outguess.1683665926.2350178.jpg;88c6eb1ef97322244d3683c72b9562b04103ee5ad052c920848c3b35de42a642;msg.txt;d6ec6898de87ddac6e5b3611708a7aa1c2d298293349cc1a6c299a1db7149d38;None;None;None
black_canvas.original.jpg;9deba99936891948b7ce4325375742ac2df6c8400fdea9c667baadc9349f61b6;outguess;outguess terminated with an error; is the cover file broken?;0:00:00.168903;black_canvas.original.jpg.outguess.1683665926.2350178.jpg;e3b0c44298fc1c149afbf4c8996fb92427ae41e4649b934ca495991b7852b855;msg.txt;d6ec6898de87ddac6e5b3611708a7aa1c2d298293349cc1a6c299a1db7149d38;None;None;None
00004.jpg;aad931de227f20fd5dcc3bcf07251199e124726a0165d903353ebf06666768f0;outguess;stego object created successfully;0:00:00.031132;00004.jpg.outguess.1683665926.2350178.jpg;8d3266c30581f0aa6345d4fa9894762a1732e90ba8b8c68fe11526e034d378d0;msg.txt;d6ec6898de87ddac6e5b3611708a7aa1c2d298293349cc1a6c299a1db7149d38;None;None;None
airplane.jpg;dbd6d2defe07003056e647e4346f137ff5950d9246356f6f681e38e332459d42;outguess;stego object created successfully;0:00:00.037146;airplane.jpg.outguess.1683665926.2350178.jpg;efd6d408f44d7f63b12cf18ed41c2d0590a89b9b08134c4840eaa18ec65e7ed3;msg.txt;d6ec6898de87ddac6e5b3611708a7aa1c2d298293349cc1a6c299a1db7149d38;None;None;None
00001.jpg;6736b93a678be8fee00876bc8224b1ff7ae0aa4081ccc574948d4c7e172bd3f5;outguess;stego object created successfully;0:00:00.028596;00001.jpg.outguess.1683665926.2350178.jpg;e5c1f25b24964b82a7d55856f02c64c0c95408d460eb5665f6e211a3881c9e52;msg.txt;d6ec6898de87ddac6e5b3611708a7aa1c2d298293349cc1a6c299a1db7149d38;None;None;None
00008.jpg;8a3bf967e526ac16fe58fc11e72ffb79073c6f17f3471decce04816572fbc6cf;outguess;stego object created successfully;0:00:00.026422;00008.jpg.outguess.1683665926.2350178.jpg;74119d5ad17840d24c6ff284acb43b0f7be41c9e463f547ba481c6f07661ef73;msg.txt;d6ec6898de87ddac6e5b3611708a7aa1c2d298293349cc1a6c299a1db7149d38;None;None;None
lowEntropyEbd-noKey.jpg;b1e70b8f6529752acf8646a61b0fff401ae34f2ed5a872b162273e3aba0ae09f;outguess;stego object created successfully;0:00:00.025144;lowEntropyEbd-noKey.jpg.outguess.1683665926.2350178.jpg;e65611458280d7ff5c7a5d607b6ce4e3f6f8f58248c7fd20e655068cdacfdfc9;msg.txt;d6ec6898de87ddac6e5b3611708a7aa1c2d298293349cc1a6c299a1db7149d38;None;None;None
longEbd-noKey.jpg;f279c8d648be1692c3327c3e0281bd4f568227fcac43a278b16217ae21afc2b4;outguess;stego object created successfully;0:00:00.023885;longEbd-noKey.jpg.outguess.1683665926.2350178.jpg;14740ea2af8c1c51e157556cd5b35b57bb90bccab59a116da56410da0a0792d6;msg.txt;d6ec6898de87ddac6e5b3611708a7aa1c2d298293349cc1a6c299a1db7149d38;None;None;None
middleEbd-noKey.jpg;be6c4a89bb9727fe5be00b63c4fbbcaa46996705ed27807fe5b54705cbb359f3;outguess;stego object created successfully;0:00:00.027980;middleEbd-noKey.jpg.outguess.1683665926.2350178.jpg;a181f94245cc02ebf8089e411e272fc48106e5d8f39a76c0cc66ae240ef1a783;msg.txt;d6ec6898de87ddac6e5b3611708a7aa1c2d298293349cc1a6c299a1db7149d38;None;None;None
baboon.jpg;c4ba070f23a96645f138880e20a18a1120a6e94f1547dd69fafb98b6863c09d9;outguess;stego object created successfully;0:00:00.044135;baboon.jpg.outguess.1683665926.2350178.jpg;843387300d51caf841b9b0c1c2aa8ef4fc14ace5abaf1dd778ae41122214bbe4;msg.txt;d6ec6898de87ddac6e5b3611708a7aa1c2d298293349cc1a6c299a1db7149d38;None;None;None
black_canvas.Hadar.image.jpg;8598cd11c16f54881933146b79707a6a6923323a3db0962a0944f34347bd0d22;outguess;outguess terminated with an error; is the cover file broken?;0:00:00.166009;black_canvas.Hadar.image.jpg.outguess.1683665926.2350178.jpg;e3b0c44298fc1c149afbf4c8996fb92427ae41e4649b934ca495991b7852b855;msg.txt;d6ec6898de87ddac6e5b3611708a7aa1c2d298293349cc1a6c299a1db7149d38;None;None;None
shortEbd-noKey.jpg;8479a97588843604a8e9b0547f0731292d376de5f66f3f5250970062d662913b;outguess;stego object created successfully;0:00:00.026593;shortEbd-noKey.jpg.outguess.1683665926.2350178.jpg;13706effd1c84202eb84ca964eaf2cc55389198ba044863b03d4cc5f422b6980;msg.txt;d6ec6898de87ddac6e5b3611708a7aa1c2d298293349cc1a6c299a1db7149d38;None;None;None
black_canvas.CAT.image.jpg;a4da2102a0a4052db2a5e04ae9859ae9ef0b778ecaeb1054cd2f8d2fe75f4bf7;outguess;outguess terminated with an error; is the cover file broken?;0:00:00.129545;black_canvas.CAT.image.jpg.outguess.1683665926.2350178.jpg;e3b0c44298fc1c149afbf4c8996fb92427ae41e4649b934ca495991b7852b855;msg.txt;d6ec6898de87ddac6e5b3611708a7aa1c2d298293349cc1a6c299a1db7149d38;None;None;None
00007.jpg;3adb850d27734861c0a6c82bce51964be8e23480e52666d71718057b185fa046;outguess;stego object created successfully;0:00:00.028210;00007.jpg.outguess.1683665926.2350178.jpg;da0177fa19173f24c61d8512258e0cbde9de4ad4dff8a4701b95bf696119da8a;msg.txt;d6ec6898de87ddac6e5b3611708a7aa1c2d298293349cc1a6c299a1db7149d38;None;None;None
binaryEbd-noKey.jpg;c41311f669f9a418c3aeb3d86a5351308b46c38a9cfb56a0dfd6cc22c2e89eb6;outguess;stego object created successfully;0:00:00.027785;binaryEbd-noKey.jpg.outguess.1683665926.2350178.jpg;3352b97e0307267ca0f335d08ca2f8776d7d87391caebc94844a19b308ed2706;msg.txt;d6ec6898de87ddac6e5b3611708a7aa1c2d298293349cc1a6c299a1db7149d38;None;None;None
00017.jpg;692a9880ff907a6221e42e3c11f70169a296595bbe5b575c03dcca4ec56254d5;outguess;stego object created successfully;0:00:00.034142;00017.jpg.outguess.1683665926.2350178.jpg;6164ba4165830257e86a7ca82837d45a409fd7059e44ea51295fffb267c02a1e;msg.txt;d6ec6898de87ddac6e5b3611708a7aa1c2d298293349cc1a6c299a1db7149d38;None;None;None
original.jpg;02d787c6f0f662173d527cce75badba9623a3405346a6a2141bd4283ec5674af;outguess;stego object created successfully;0:00:00.027823;original.jpg.outguess.1683665926.2350178.jpg;65595d9516dc42c16c1eee55d679ede1a5692649fac4699a18b82a4b4dfc7dcf;msg.txt;d6ec6898de87ddac6e5b3611708a7aa1c2d298293349cc1a6c299a1db7149d38;None;None;None
black_canvas.CAT.text.jpg;49bb272ebabdd8953b27600bb6d261183b91c13579a3ec1e11602e6254ec2925;outguess;outguess terminated with an error; is the cover file broken?;0:00:00.140934;black_canvas.CAT.text.jpg.outguess.1683665926.2350178.jpg;e3b0c44298fc1c149afbf4c8996fb92427ae41e4649b934ca495991b7852b855;msg.txt;d6ec6898de87ddac6e5b3611708a7aa1c2d298293349cc1a6c299a1db7149d38;None;None;None
black_canvas.Hadar.text.jpg;b69c89c58ff45e853919a92da93e48e2911ba2dbf52fe2579f2fc72bda8ae75b;outguess;outguess terminated with an error; is the cover file broken?;0:00:00.175853;black_canvas.Hadar.text.jpg.outguess.1683665926.2350178.jpg;e3b0c44298fc1c149afbf4c8996fb92427ae41e4649b934ca495991b7852b855;msg.txt;d6ec6898de87ddac6e5b3611708a7aa1c2d298293349cc1a6c299a1db7149d38;None;None;None
