baboon.bmp;fafafc8c40a09df04787b0690bfe497a3b4a63aefcfc38a182c406ddfa0a1005;steghide;steghide terminated with an error;0:00:00.007280;None;None;msg.txt;d6ec6898de87ddac6e5b3611708a7aa1c2d298293349cc1a6c299a1db7149d38;key;--passphrase key --encryption none --dontcompress;None
lena.jpg;fcd5f07e955c9ae01b3582f162306e468890208c14bb6503d99847c7a27b1487;steghide;stego object created successfully;0:00:00.035987;lena.jpg.steghide.1683665914.957033.jpg;ac0a28689caf2e3901197b6a85f506b6c0c6b3bc9567670d9e3fe4a3a55f8471;msg.txt;d6ec6898de87ddac6e5b3611708a7aa1c2d298293349cc1a6c299a1db7149d38;key;--passphrase key --encryption none --dontcompress;None
black_canvas.original.jpg;9deba99936891948b7ce4325375742ac2df6c8400fdea9c667baadc9349f61b6;steghide;stego object created successfully;0:00:00.004914;black_canvas.original.jpg.steghide.1683665914.957033.jpg;63616024e63bb7153b74e37747e2a6b8e5a3508e504c5e28aaddf83a8e591a17;msg.txt;d6ec6898de87ddac6e5b3611708a7aa1c2d298293349cc1a6c299a1db7149d38;key;--passphrase key --encryption none --dontcompress;None
00004.jpg;aad931de227f20fd5dcc3bcf07251199e124726a0165d903353ebf06666768f0;steghide;stego object created successfully;0:00:00.015724;00004.jpg.steghide.1683665914.957033.jpg;82d7efba289cb167be912b0392baeb2a8002a75d2c4152ca670f8a19f4be23df;msg.txt;d6ec6898de87ddac6e5b3611708a7aa1c2d298293349cc1a6c299a1db7149d38;key;--passphrase key --encryption none --dontcompress;None
airplane.jpg;dbd6d2defe07003056e647e4346f137ff5950d9246356f6f681e38e332459d42;steghide;stego object created successfully;0:00:00.031833;airplane.jpg.steghide.1683665914.957033.jpg;4787551ee1d7b5440f3493d6fb3f89086eeed6a37786e71e45cd207705195937;msg.txt;d6ec6898de87ddac6e5b3611708a7aa1c2d298293349cc1a6c299a1db7149d38;key;--passphrase key --encryption none --dontcompress;None
00001.jpg;6736b93a678be8fee00876bc8224b1ff7ae0aa4081ccc574948d4c7e172bd3f5;steghide;stego object created successfully;0:00:00.009581;00001.jpg.steghide.1683665914.957033.jpg;c0b85b4af44cb50c3471b2b71b3e9a90a5342d38cf4aa7bb36ab8bd220c26e7b;msg.txt;d6ec6898de87ddac6e5b3611708a7aa1c2d298293349cc1a6c299a1db7149d38;key;--passphrase key --encryption none --dontcompress;None
00008.jpg;8a3bf967e526ac16fe58fc11e72ffb79073c6f17f3471decce04816572fbc6cf;steghide;stego object created successfully;0:00:00.013067;00008.jpg.steghide.1683665914.957033.jpg;5a34714e7c6af0fb205b46c0ac6eb6ac6c44200c81a98e066ff767199ac0e2e0;msg.txt;d6ec6898de87ddac6e5b3611708a7aa1c2d298293349cc1a6c299a1db7149d38;key;--passphrase key --encryption none --dontcompress;None
sine20s.wav;1464ed3ef80287a02098e5918b30a1600613caaba32c797e8f6e97f1551ebb61;steghide;stego object created successfully;0:00:00.035752;sine20s.wav.steghide.1683665914.957033.wav;524dcc30aec2548cba833966587dc1a9bf7315e6bf042be1d3f4e34ac9749394;msg.txt;d6ec6898de87ddac6e5b3611708a7aa1c2d298293349cc1a6c299a1db7149d38;key;--passphrase key --encryption none --dontcompress;None
whitenoise20s.wav;50112e60ba8bb9d556a36e8ffa5479da63bd12fc48f370246e9bc5f0d4307666;steghide;stego object created successfully;0:00:00.037985;whitenoise20s.wav.steghide.1683665914.957033.wav;6827478f6fb0b2e3f89af53bf99200abde1e2092f5fa90cef402504c71fad689;msg.txt;d6ec6898de87ddac6e5b3611708a7aa1c2d298293349cc1a6c299a1db7149d38;key;--passphrase key --encryption none --dontcompress;None
lowEntropyEbd-noKey.jpg;b1e70b8f6529752acf8646a61b0fff401ae34f2ed5a872b162273e3aba0ae09f;steghide;stego object created successfully;0:00:00.007812;lowEntropyEbd-noKey.jpg.steghide.1683665914.957033.jpg;c830b941e266ef12207c7a1ed85b9f872acc09bed8ea56342f7c685e3dedf5c4;msg.txt;d6ec6898de87ddac6e5b3611708a7aa1c2d298293349cc1a6c299a1db7149d38;key;--passphrase key --encryption none --dontcompress;None
longEbd-noKey.jpg;f279c8d648be1692c3327c3e0281bd4f568227fcac43a278b16217ae21afc2b4;steghide;stego object created successfully;0:00:00.005789;longEbd-noKey.jpg.steghide.1683665914.957033.jpg;c81b3c53f6514c917f9c2b4e6b8eb49a44d8888444b604453887f620bd37e622;msg.txt;d6ec6898de87ddac6e5b3611708a7aa1c2d298293349cc1a6c299a1db7149d38;key;--passphrase key --encryption none --dontcompress;None
lena.bmp;43634744aafc1c2dab9ce5b179fe3b36059d8f738824642beb5be33482e18102;steghide;steghide terminated with an error;0:00:00.002273;None;None;msg.txt;d6ec6898de87ddac6e5b3611708a7aa1c2d298293349cc1a6c299a1db7149d38;key;--passphrase key --encryption none --dontcompress;None
middleEbd-noKey.jpg;be6c4a89bb9727fe5be00b63c4fbbcaa46996705ed27807fe5b54705cbb359f3;steghide;stego object created successfully;0:00:00.009421;middleEbd-noKey.jpg.steghide.1683665914.957033.jpg;cb5f19f15f10695a95d94310fc36899cf14a52a25f4ec20357811691c4be7604;msg.txt;d6ec6898de87ddac6e5b3611708a7aa1c2d298293349cc1a6c299a1db7149d38;key;--passphrase key --encryption none --dontcompress;None
baboon.jpg;c4ba070f23a96645f138880e20a18a1120a6e94f1547dd69fafb98b6863c09d9;steghide;stego object created successfully;0:00:00.036723;baboon.jpg.steghide.1683665914.957033.jpg;718d223efbf305b5d646d564a76ef3c14bfbae9e1e245393f6fa336500684bf7;msg.txt;d6ec6898de87ddac6e5b3611708a7aa1c2d298293349cc1a6c299a1db7149d38;key;--passphrase key --encryption none --dontcompress;None
black_canvas.Hadar.image.jpg;8598cd11c16f54881933146b79707a6a6923323a3db0962a0944f34347bd0d22;steghide;stego object created successfully;0:00:00.004145;black_canvas.Hadar.image.jpg.steghide.1683665914.957033.jpg;716bbe76b25b802ad2824b690425ac61415b6f5b3207d6c52e28bfc307d3abb9;msg.txt;d6ec6898de87ddac6e5b3611708a7aa1c2d298293349cc1a6c299a1db7149d38;key;--passphrase key --encryption none --dontcompress;None
shortEbd-noKey.jpg;8479a97588843604a8e9b0547f0731292d376de5f66f3f5250970062d662913b;steghide;stego object created successfully;0:00:00.007246;shortEbd-noKey.jpg.steghide.1683665914.957033.jpg;a1124e51d78dc0b082928fb20856f1b2b8dd8a72bc74517e6fd0463a61d1c526;msg.txt;d6ec6898de87ddac6e5b3611708a7aa1c2d298293349cc1a6c299a1db7149d38;key;--passphrase key --encryption none --dontcompress;None
black_canvas.CAT.image.jpg;a4da2102a0a4052db2a5e04ae9859ae9ef0b778ecaeb1054cd2f8d2fe75f4bf7;steghide;stego object created successfully;0:00:00.005692;black_canvas.CAT.image.jpg.steghide.1683665914.957033.jpg;54580e80723296721f9257f376226378ac0927bd8fb70c0eed050be5904bab89;msg.txt;d6ec6898de87ddac6e5b3611708a7aa1c2d298293349cc1a6c299a1db7149d38;key;--passphrase key --encryption none --dontcompress;None
00007.jpg;3adb850d27734861c0a6c82bce51964be8e23480e52666d71718057b185fa046;steghide;stego object created successfully;0:00:00.011112;00007.jpg.steghide.1683665914.957033.jpg;78e9cf6be8940178da7c72e9afbbe716b35d37691fc31eab1e0d494e11846741;msg.txt;d6ec6898de87ddac6e5b3611708a7aa1c2d298293349cc1a6c299a1db7149d38;key;--passphrase key --encryption none --dontcompress;None
binaryEbd-noKey.jpg;c41311f669f9a418c3aeb3d86a5351308b46c38a9cfb56a0dfd6cc22c2e89eb6;steghide;stego object created successfully;0:00:00.007325;binaryEbd-noKey.jpg.steghide.1683665914.957033.jpg;9933a045a7ee9400284384293439cfc3f72fcbe9acf798693a8a118f00362857;msg.txt;d6ec6898de87ddac6e5b3611708a7aa1c2d298293349cc1a6c299a1db7149d38;key;--passphrase key --encryption none --dontcompress;None
00017.jpg;692a9880ff907a6221e42e3c11f70169a296595bbe5b575c03dcca4ec56254d5;steghide;stego object created successfully;0:00:00.017575;00017.jpg.steghide.1683665914.957033.jpg;ed4b92b58ae8986b4c63948464a63c1518c1b5fdcbaa9ce8d1f8d7e4df7e6f46;msg.txt;d6ec6898de87ddac6e5b3611708a7aa1c2d298293349cc1a6c299a1db7149d38;key;--passphrase key --encryption none --dontcompress;None
airplane.bmp;85393eeec637d0749e264d1099a7e56dddda3a0e111ba6e15526b6b173dfa410;steghide;steghide terminated with an error;0:00:00.001733;None;None;msg.txt;d6ec6898de87ddac6e5b3611708a7aa1c2d298293349cc1a6c299a1db7149d38;key;--passphrase key --encryption none --dontcompress;None
original.jpg;02d787c6f0f662173d527cce75badba9623a3405346a6a2141bd4283ec5674af;steghide;stego object created successfully;0:00:00.011394;original.jpg.steghide.1683665914.957033.jpg;6b1777039da5c51df9a62bcdd8337c26c0fbf5959a39cd4b81ea1cfdc1f9b744;msg.txt;d6ec6898de87ddac6e5b3611708a7aa1c2d298293349cc1a6c299a1db7149d38;key;--passphrase key --encryption none --dontcompress;None
black_canvas.CAT.text.jpg;49bb272ebabdd8953b27600bb6d261183b91c13579a3ec1e11602e6254ec2925;steghide;stego object created successfully;0:00:00.005635;black_canvas.CAT.text.jpg.steghide.1683665914.957033.jpg;6aa38b243217ada5f2902833b70b554b004c88c15294a6ea12bc12b5317df65e;msg.txt;d6ec6898de87ddac6e5b3611708a7aa1c2d298293349cc1a6c299a1db7149d38;key;--passphrase key --encryption none --dontcompress;None
black_canvas.Hadar.text.jpg;b69c89c58ff45e853919a92da93e48e2911ba2dbf52fe2579f2fc72bda8ae75b;steghide;stego object created successfully;0:00:00.007685;black_canvas.Hadar.text.jpg.steghide.1683665914.957033.jpg;309622ff12c4ea19aa620553f12ef491f1143f3693e03302fd9e2b8c31236caf;msg.txt;d6ec6898de87ddac6e5b3611708a7aa1c2d298293349cc1a6c299a1db7149d38;key;--passphrase key --encryption none --dontcompress;None
